id,answer,aliases,clue_1_40pts,clue_2_30pts,clue_3_20pts,clue_4_10pts,source
club_realmadrid,Real Madrid,ريال مدريد;ريال;الريال;Real Madrid,ترجع جذور تأسيسي إلى سنة 1902.,من ألواني المعروفة: الأبيض.,أنا نادٍ من مدريد، وأنتمي إلى كرة القدم في إسبانيا.,من الملاعب المرتبطة بتاريخي: سانتياغو برنابيو. ومن منافسيّ المعروفين: برشلونة.,Authored historical club facts; see SOURCES.md
club_barcelona,Barcelona,برشلونة;برشلونه;بارسا;البارسا;Barcelona,ترجع جذور تأسيسي إلى سنة 1899.,من ألواني المعروفة: الأزرق والأحمر.,أنا نادٍ من برشلونة، وأنتمي إلى كرة القدم في إسبانيا.,من الملاعب المرتبطة بتاريخي: كامب نو. ومن منافسيّ المعروفين: ريال مدريد.,Authored historical club facts; see SOURCES.md
club_atleticomadrid,Atlético Madrid,أتلتيكو مدريد;اتلتيكو مدريد;اتليتيكو;أتلتيكو;Atlético Madrid,ترجع جذور تأسيسي إلى سنة 1903.,من ألواني المعروفة: الأحمر والأبيض.,أنا نادٍ من مدريد، وأنتمي إلى كرة القدم في إسبانيا.,من الملاعب المرتبطة بتاريخي: فيسنتي كالديرون. ومن منافسيّ المعروفين: ريال مدريد.,Authored historical club facts; see SOURCES.md
club_sevilla,Sevilla,إشبيلية;اشبيلية;اشبيليه;Sevilla,ترجع جذور تأسيسي إلى سنة 1890.,من ألواني المعروفة: الأبيض والأحمر.,أنا نادٍ من إشبيلية، وأنتمي إلى كرة القدم في إسبانيا.,من الملاعب المرتبطة بتاريخي: رامون سانشيز بيزخوان. ومن منافسيّ المعروفين: ريال بيتيس.,Authored historical club facts; see SOURCES.md
club_valencia,Valencia,فالنسيا;ڤالنسيا;Valencia,ترجع جذور تأسيسي إلى سنة 1919.,من ألواني المعروفة: الأبيض والأسود.,أنا نادٍ من فالنسيا، وأنتمي إلى كرة القدم في إسبانيا.,من الملاعب المرتبطة بتاريخي: ميستايا. ومن منافسيّ المعروفين: ليفانتي.,Authored historical club facts; see SOURCES.md
club_villarreal,Villarreal,فياريال;ڤياريال;Villarreal,ترجع جذور تأسيسي إلى سنة 1923.,من ألواني المعروفة: الأصفر.,أنا نادٍ من فياريال، وأنتمي إلى كرة القدم في إسبانيا.,من الملاعب المرتبطة بتاريخي: إل مادريغال. ومن منافسيّ المعروفين: فالنسيا.,Authored historical club facts; see SOURCES.md
club_athleticclub,Athletic Club,أتلتيك بلباو;اتلتيك بلباو;بلباو;اثلتيك بلباو;Athletic Club,ترجع جذور تأسيسي إلى سنة 1898.,من ألواني المعروفة: الأحمر والأبيض.,أنا نادٍ من بلباو، وأنتمي إلى كرة القدم في إسبانيا.,من الملاعب المرتبطة بتاريخي: سان ماميس. ومن منافسيّ المعروفين: ريال سوسيداد.,Authored historical club facts; see SOURCES.md
club_realsociedad,Real Sociedad,ريال سوسيداد;سوسيداد;Real Sociedad,ترجع جذور تأسيسي إلى سنة 1909.,من ألواني المعروفة: الأزرق والأبيض.,أنا نادٍ من سان سيباستيان، وأنتمي إلى كرة القدم في إسبانيا.,من الملاعب المرتبطة بتاريخي: أنويتا. ومن منافسيّ المعروفين: أتلتيك بلباو.,Authored historical club facts; see SOURCES.md
club_realbetis,Real Betis,ريال بيتيس;بيتيس;بتيس;Real Betis,ترجع جذور تأسيسي إلى سنة 1907.,من ألواني المعروفة: الأخضر والأبيض.,أنا نادٍ من إشبيلية، وأنتمي إلى كرة القدم في إسبانيا.,من الملاعب المرتبطة بتاريخي: بينيتو فيامارين. ومن منافسيّ المعروفين: إشبيلية.,Authored historical club facts; see SOURCES.md
club_deportivolacoruna,Deportivo La Coruña,ديبورتيفو لاكورونيا;ديبورتيفو;ديبورتيفو لا كرونيا;Deportivo La Coruña,ترجع جذور تأسيسي إلى سنة 1906.,من ألواني المعروفة: الأزرق والأبيض.,أنا نادٍ من لا كورونيا، وأنتمي إلى كرة القدم في إسبانيا.,من الملاعب المرتبطة بتاريخي: ريازور. ومن منافسيّ المعروفين: سيلتا فيغو.,Authored historical club facts; see SOURCES.md
club_celtavigo,Celta Vigo,سيلتا فيغو;سيلتا فيجو;سيلتا;Celta Vigo,ترجع جذور تأسيسي إلى سنة 1923.,من ألواني المعروفة: الأزرق السماوي.,أنا نادٍ من فيغو، وأنتمي إلى كرة القدم في إسبانيا.,من الملاعب المرتبطة بتاريخي: بالايدوس. ومن منافسيّ المعروفين: ديبورتيفو لاكورونيا.,Authored historical club facts; see SOURCES.md
club_espanyol,Espanyol,إسبانيول;اسبانيول;Espanyol,ترجع جذور تأسيسي إلى سنة 1900.,من ألواني المعروفة: الأزرق والأبيض.,أنا نادٍ من برشلونة، وأنتمي إلى كرة القدم في إسبانيا.,من الملاعب المرتبطة بتاريخي: كورنيلا إل برات. ومن منافسيّ المعروفين: برشلونة.,Authored historical club facts; see SOURCES.md
club_manchesterunited,Manchester United,مانشستر يونايتد;مان يونايتد;اليونايتد;يونايتد;Manchester United,ترجع جذور تأسيسي إلى سنة 1878.,من ألواني المعروفة: الأحمر.,أنا نادٍ من مانشستر، وأنتمي إلى كرة القدم في إنكلترا.,من الملاعب المرتبطة بتاريخي: أولد ترافورد. ومن منافسيّ المعروفين: مانشستر سيتي.,Authored historical club facts; see SOURCES.md
club_manchestercity,Manchester City,مانشستر سيتي;مان سيتي;السيتي;سيتي;Manchester City,ترجع جذور تأسيسي إلى سنة 1880.,من ألواني المعروفة: الأزرق السماوي.,أنا نادٍ من مانشستر، وأنتمي إلى كرة القدم في إنكلترا.,من الملاعب المرتبطة بتاريخي: ملعب الاتحاد. ومن منافسيّ المعروفين: مانشستر يونايتد.,Authored historical club facts; see SOURCES.md
club_liverpool,Liverpool,ليفربول;ليڤربول;Liverpool,ترجع جذور تأسيسي إلى سنة 1892.,من ألواني المعروفة: الأحمر.,أنا نادٍ من ليفربول، وأنتمي إلى كرة القدم في إنكلترا.,من الملاعب المرتبطة بتاريخي: أنفيلد. ومن منافسيّ المعروفين: إيفرتون.,Authored historical club facts; see SOURCES.md
club_arsenal,Arsenal,آرسنال;ارسنال;أرسنال;Arsenal,ترجع جذور تأسيسي إلى سنة 1886.,من ألواني المعروفة: الأحمر والأبيض.,أنا نادٍ من لندن، وأنتمي إلى كرة القدم في إنكلترا.,من الملاعب المرتبطة بتاريخي: ملعب الإمارات. ومن منافسيّ المعروفين: توتنهام.,Authored historical club facts; see SOURCES.md
club_chelsea,Chelsea,تشيلسي;تشلسي;Chelsea,ترجع جذور تأسيسي إلى سنة 1905.,من ألواني المعروفة: الأزرق.,أنا نادٍ من لندن، وأنتمي إلى كرة القدم في إنكلترا.,من الملاعب المرتبطة بتاريخي: ستامفورد بريدج. ومن منافسيّ المعروفين: آرسنال.,Authored historical club facts; see SOURCES.md
club_tottenhamhotspur,Tottenham Hotspur,توتنهام;توتنهام هوتسبير;توتنهام هوتسبر;Tottenham Hotspur,ترجع جذور تأسيسي إلى سنة 1882.,من ألواني المعروفة: الأبيض والكحلي.,أنا نادٍ من لندن، وأنتمي إلى كرة القدم في إنكلترا.,من الملاعب المرتبطة بتاريخي: وايت هارت لين. ومن منافسيّ المعروفين: آرسنال.,Authored historical club facts; see SOURCES.md
club_newcastleunited,Newcastle United,نيوكاسل;نيوكاسل يونايتد;Newcastle United,ترجع جذور تأسيسي إلى سنة 1892.,من ألواني المعروفة: الأسود والأبيض.,أنا نادٍ من نيوكاسل، وأنتمي إلى كرة القدم في إنكلترا.,من الملاعب المرتبطة بتاريخي: سانت جيمس بارك. ومن منافسيّ المعروفين: سندرلاند.,Authored historical club facts; see SOURCES.md
club_everton,Everton,إيفرتون;ايفرتون;افرتون;Everton,ترجع جذور تأسيسي إلى سنة 1878.,من ألواني المعروفة: الأزرق.,أنا نادٍ من ليفربول، وأنتمي إلى كرة القدم في إنكلترا.,من الملاعب المرتبطة بتاريخي: غوديسون بارك. ومن منافسيّ المعروفين: ليفربول.,Authored historical club facts; see SOURCES.md
club_astonvilla,Aston Villa,أستون فيلا;استون فيلا;استون ڤيلا;Aston Villa,ترجع جذور تأسيسي إلى سنة 1874.,من ألواني المعروفة: العنابي والأزرق السماوي.,أنا نادٍ من برمنغهام، وأنتمي إلى كرة القدم في إنكلترا.,من الملاعب المرتبطة بتاريخي: فيلا بارك. ومن منافسيّ المعروفين: برمنغهام سيتي.,Authored historical club facts; see SOURCES.md
club_westhamunited,West Ham United,وست هام;ويست هام;وست هام يونايتد;West Ham United,ترجع جذور تأسيسي إلى سنة 1895.,من ألواني المعروفة: العنابي والأزرق السماوي.,أنا نادٍ من لندن، وأنتمي إلى كرة القدم في إنكلترا.,من الملاعب المرتبطة بتاريخي: ملعب لندن. ومن منافسيّ المعروفين: ميلوول.,Authored historical club facts; see SOURCES.md
club_leicestercity,Leicester City,ليستر سيتي;ليستر;ليستر ستي;Leicester City,ترجع جذور تأسيسي إلى سنة 1884.,من ألواني المعروفة: الأزرق.,أنا نادٍ من ليستر، وأنتمي إلى كرة القدم في إنكلترا.,من الملاعب المرتبطة بتاريخي: كينغ باور. ومن منافسيّ المعروفين: نوتنغهام فورست.,Authored historical club facts; see SOURCES.md
club_leedsunited,Leeds United,ليدز;ليدز يونايتد;Leeds United,ترجع جذور تأسيسي إلى سنة 1919.,من ألواني المعروفة: الأبيض.,أنا نادٍ من ليدز، وأنتمي إلى كرة القدم في إنكلترا.,من الملاعب المرتبطة بتاريخي: إيلاند رود. ومن منافسيّ المعروفين: مانشستر يونايتد.,Authored historical club facts; see SOURCES.md
club_nottinghamforest,Nottingham Forest,نوتنغهام فورست;نوتنغهام;نوتينغهام فورست;Nottingham Forest,ترجع جذور تأسيسي إلى سنة 1865.,من ألواني المعروفة: الأحمر.,أنا نادٍ من نوتنغهام، وأنتمي إلى كرة القدم في إنكلترا.,من الملاعب المرتبطة بتاريخي: سيتي غراوند. ومن منافسيّ المعروفين: ديربي كاونتي.,Authored historical club facts; see SOURCES.md
club_wolverhamptonwanderers,Wolverhampton Wanderers,وولفرهامبتون;ولفرهامبتون;وولفز;ولفز;Wolverhampton Wanderers,ترجع جذور تأسيسي إلى سنة 1877.,من ألواني المعروفة: الذهبي والأسود.,أنا نادٍ من وولفرهامبتون، وأنتمي إلى كرة القدم في إنكلترا.,من الملاعب المرتبطة بتاريخي: مولينيو. ومن منافسيّ المعروفين: وست بروميتش.,Authored historical club facts; see SOURCES.md
club_southampton,Southampton,ساوثهامبتون;ساوثامبتون;Southampton,ترجع جذور تأسيسي إلى سنة 1885.,من ألواني المعروفة: الأحمر والأبيض.,أنا نادٍ من ساوثهامبتون، وأنتمي إلى كرة القدم في إنكلترا.,من الملاعب المرتبطة بتاريخي: سانت ماري. ومن منافسيّ المعروفين: بورتسموث.,Authored historical club facts; see SOURCES.md
club_crystalpalace,Crystal Palace,كريستال بالاس;كريستال بالاس اف سي;Crystal Palace,ترجع جذور تأسيسي إلى سنة 1905.,من ألواني المعروفة: الأحمر والأزرق.,أنا نادٍ من لندن، وأنتمي إلى كرة القدم في إنكلترا.,من الملاعب المرتبطة بتاريخي: سيلهرست بارك. ومن منافسيّ المعروفين: برايتون.,Authored historical club facts; see SOURCES.md
club_brightonhovealbion,Brighton & Hove Albion,برايتون;برايتون هوف ألبيون;Brighton & Hove Albion,ترجع جذور تأسيسي إلى سنة 1901.,من ألواني المعروفة: الأزرق والأبيض.,أنا نادٍ من برايتون وهوف، وأنتمي إلى كرة القدم في إنكلترا.,من الملاعب المرتبطة بتاريخي: فالمر. ومن منافسيّ المعروفين: كريستال بالاس.,Authored historical club facts; see SOURCES.md
club_fulham,Fulham,فولهام;فولام;Fulham,ترجع جذور تأسيسي إلى سنة 1879.,من ألواني المعروفة: الأبيض والأسود.,أنا نادٍ من لندن، وأنتمي إلى كرة القدم في إنكلترا.,من الملاعب المرتبطة بتاريخي: كرافن كوتاج. ومن منافسيّ المعروفين: تشيلسي.,Authored historical club facts; see SOURCES.md
club_brentford,Brentford,برينتفورد;برنتفورد;Brentford,ترجع جذور تأسيسي إلى سنة 1889.,من ألواني المعروفة: الأحمر والأبيض.,أنا نادٍ من لندن، وأنتمي إلى كرة القدم في إنكلترا.,من الملاعب المرتبطة بتاريخي: غريفين بارك. ومن منافسيّ المعروفين: كوينز بارك رينجرز.,Authored historical club facts; see SOURCES.md
club_bayernmunich,Bayern Munich,بايرن ميونخ;بايرن;البايرن;Bayern Munich,ترجع جذور تأسيسي إلى سنة 1900.,من ألواني المعروفة: الأحمر والأبيض.,أنا نادٍ من ميونخ، وأنتمي إلى كرة القدم في ألمانيا.,من الملاعب المرتبطة بتاريخي: أليانز أرينا. ومن منافسيّ المعروفين: بوروسيا دورتموند.,Authored historical club facts; see SOURCES.md
club_borussiadortmund,Borussia Dortmund,بوروسيا دورتموند;بروسيا دورتموند;دورتموند;Borussia Dortmund,ترجع جذور تأسيسي إلى سنة 1909.,من ألواني المعروفة: الأصفر والأسود.,أنا نادٍ من دورتموند، وأنتمي إلى كرة القدم في ألمانيا.,من الملاعب المرتبطة بتاريخي: فيستفالن شتاديون. ومن منافسيّ المعروفين: شالكه.,Authored historical club facts; see SOURCES.md
club_bayerleverkusen,Bayer Leverkusen,باير ليفركوزن;بايرن ليفركوزن;ليفركوزن;Bayer Leverkusen,ترجع جذور تأسيسي إلى سنة 1904.,من ألواني المعروفة: الأحمر والأسود.,أنا نادٍ من ليفركوزن، وأنتمي إلى كرة القدم في ألمانيا.,من الملاعب المرتبطة بتاريخي: باي أرينا. ومن منافسيّ المعروفين: كولن.,Authored historical club facts; see SOURCES.md
club_rbleipzig,RB Leipzig,لايبزيغ;لايبزيج;لايبزغ;ار بي لايبزيغ;RB Leipzig,ترجع جذور تأسيسي إلى سنة 2009.,من ألواني المعروفة: الأحمر والأبيض.,أنا نادٍ من لايبزيغ، وأنتمي إلى كرة القدم في ألمانيا.,من الملاعب المرتبطة بتاريخي: ريد بول أرينا. ومن منافسيّ المعروفين: دينامو دريسدن.,Authored historical club facts; see SOURCES.md
club_schalke04,Schalke 04,شالكه;شالكة;شالكه 04;Schalke 04,ترجع جذور تأسيسي إلى سنة 1904.,من ألواني المعروفة: الأزرق والأبيض.,أنا نادٍ من غيلسنكيرشن، وأنتمي إلى كرة القدم في ألمانيا.,من الملاعب المرتبطة بتاريخي: فيلتينس أرينا. ومن منافسيّ المعروفين: بوروسيا دورتموند.,Authored historical club facts; see SOURCES.md
club_werderbremen,Werder Bremen,فيردر بريمن;فيردربريمن;بريمن;Werder Bremen,ترجع جذور تأسيسي إلى سنة 1899.,من ألواني المعروفة: الأخضر والأبيض.,أنا نادٍ من بريمن، وأنتمي إلى كرة القدم في ألمانيا.,من الملاعب المرتبطة بتاريخي: فيسر شتاديون. ومن منافسيّ المعروفين: هامبورغ.,Authored historical club facts; see SOURCES.md
club_hamburgersv,Hamburger SV,هامبورغ;هامبورج;هامبورغ اس في;Hamburger SV,ترجع جذور تأسيسي إلى سنة 1887.,من ألواني المعروفة: الأبيض والأحمر.,أنا نادٍ من هامبورغ، وأنتمي إلى كرة القدم في ألمانيا.,من الملاعب المرتبطة بتاريخي: فولكس بارك شتاديون. ومن منافسيّ المعروفين: فيردر بريمن.,Authored historical club facts; see SOURCES.md
club_wolfsburg,Wolfsburg,فولفسبورغ;فولفسبورج;وولفسبورغ;Wolfsburg,ترجع جذور تأسيسي إلى سنة 1945.,من ألواني المعروفة: الأخضر والأبيض.,أنا نادٍ من فولفسبورغ، وأنتمي إلى كرة القدم في ألمانيا.,من الملاعب المرتبطة بتاريخي: فولكسفاغن أرينا. ومن منافسيّ المعروفين: هانوفر.,Authored historical club facts; see SOURCES.md
club_borussiamonchengladbach,Borussia Mönchengladbach,بوروسيا مونشنغلادباخ;مونشنغلادباخ;غلادباخ;Borussia Mönchengladbach,ترجع جذور تأسيسي إلى سنة 1900.,من ألواني المعروفة: الأبيض والأسود والأخضر.,أنا نادٍ من مونشنغلادباخ، وأنتمي إلى كرة القدم في ألمانيا.,من الملاعب المرتبطة بتاريخي: بوروسيا بارك. ومن منافسيّ المعروفين: كولن.,Authored historical club facts; see SOURCES.md
club_eintrachtfrankfurt,Eintracht Frankfurt,آينتراخت فرانكفورت;اينتراخت فرانكفورت;فرانكفورت;Eintracht Frankfurt,ترجع جذور تأسيسي إلى سنة 1899.,من ألواني المعروفة: الأحمر والأسود.,أنا نادٍ من فرانكفورت، وأنتمي إلى كرة القدم في ألمانيا.,من الملاعب المرتبطة بتاريخي: فالد شتاديون. ومن منافسيّ المعروفين: كيكرز أوفنباخ.,Authored historical club facts; see SOURCES.md
club_vfbstuttgart,VfB Stuttgart,شتوتغارت;شتوتجارت;شتوتغارد;VfB Stuttgart,ترجع جذور تأسيسي إلى سنة 1893.,من ألواني المعروفة: الأبيض والأحمر.,أنا نادٍ من شتوتغارت، وأنتمي إلى كرة القدم في ألمانيا.,من الملاعب المرتبطة بتاريخي: نيكار شتاديون. ومن منافسيّ المعروفين: كارلسروه.,Authored historical club facts; see SOURCES.md
club_acmilan,AC Milan,ميلان;اي سي ميلان;إيه سي ميلان;اسي ميلان;AC Milan,ترجع جذور تأسيسي إلى سنة 1899.,من ألواني المعروفة: الأحمر والأسود.,أنا نادٍ من ميلانو، وأنتمي إلى كرة القدم في إيطاليا.,من الملاعب المرتبطة بتاريخي: سان سيرو. ومن منافسيّ المعروفين: إنتر ميلان.,Authored historical club facts; see SOURCES.md
club_intermilan,Inter Milan,إنتر ميلان;انتر ميلان;الانتر;إنتر;انتر;Inter Milan,ترجع جذور تأسيسي إلى سنة 1908.,من ألواني المعروفة: الأزرق والأسود.,أنا نادٍ من ميلانو، وأنتمي إلى كرة القدم في إيطاليا.,من الملاعب المرتبطة بتاريخي: جوزيبي مياتزا. ومن منافسيّ المعروفين: ميلان.,Authored historical club facts; see SOURCES.md
club_juventus,Juventus,يوفنتوس;جوفنتوس;اليوفي;يوفي;يوڤنتوس;Juventus,ترجع جذور تأسيسي إلى سنة 1897.,من ألواني المعروفة: الأسود والأبيض.,أنا نادٍ من تورينو، وأنتمي إلى كرة القدم في إيطاليا.,من الملاعب المرتبطة بتاريخي: أليانز ستاديوم. ومن منافسيّ المعروفين: تورينو.,Authored historical club facts; see SOURCES.md
club_napoli,Napoli,نابولي;Napoli,ترجع جذور تأسيسي إلى سنة 1926.,من ألواني المعروفة: الأزرق السماوي.,أنا نادٍ من نابولي، وأنتمي إلى كرة القدم في إيطاليا.,من الملاعب المرتبطة بتاريخي: دييغو أرماندو مارادونا. ومن منافسيّ المعروفين: روما.,Authored historical club facts; see SOURCES.md
club_roma,Roma,روما;اي اس روما;Roma,ترجع جذور تأسيسي إلى سنة 1927.,من ألواني المعروفة: العنابي والأصفر.,أنا نادٍ من روما، وأنتمي إلى كرة القدم في إيطاليا.,من الملاعب المرتبطة بتاريخي: الأولمبيكو. ومن منافسيّ المعروفين: لاتسيو.,Authored historical club facts; see SOURCES.md
club_lazio,Lazio,لاتسيو;لاتزيو;Lazio,ترجع جذور تأسيسي إلى سنة 1900.,من ألواني المعروفة: الأزرق السماوي والأبيض.,أنا نادٍ من روما، وأنتمي إلى كرة القدم في إيطاليا.,من الملاعب المرتبطة بتاريخي: الأولمبيكو. ومن منافسيّ المعروفين: روما.,Authored historical club facts; see SOURCES.md
club_atalanta,Atalanta,أتالانتا;اتالانتا;اتلانتا;Atalanta,ترجع جذور تأسيسي إلى سنة 1907.,من ألواني المعروفة: الأزرق والأسود.,أنا نادٍ من بيرغامو، وأنتمي إلى كرة القدم في إيطاليا.,من الملاعب المرتبطة بتاريخي: أتليتي أزوري ديتاليا. ومن منافسيّ المعروفين: بريشيا.,Authored historical club facts; see SOURCES.md
club_fiorentina,Fiorentina,فيورنتينا;فيورينتينا;فيورنتينة;Fiorentina,ترجع جذور تأسيسي إلى سنة 1926.,من ألواني المعروفة: البنفسجي.,أنا نادٍ من فلورنسا، وأنتمي إلى كرة القدم في إيطاليا.,من الملاعب المرتبطة بتاريخي: أرتيميو فرانكي. ومن منافسيّ المعروفين: يوفنتوس.,Authored historical club facts; see SOURCES.md
club_torino,Torino,تورينو;Torino,ترجع جذور تأسيسي إلى سنة 1906.,من ألواني المعروفة: العنابي.,أنا نادٍ من تورينو، وأنتمي إلى كرة القدم في إيطاليا.,من الملاعب المرتبطة بتاريخي: أولمبيكو غراندي تورينو. ومن منافسيّ المعروفين: يوفنتوس.,Authored historical club facts; see SOURCES.md
club_sampdoria,Sampdoria,سامبدوريا;سامبدوریا;Sampdoria,ترجع جذور تأسيسي إلى سنة 1946.,من ألواني المعروفة: الأزرق مع الأبيض والأحمر والأسود.,أنا نادٍ من جنوة، وأنتمي إلى كرة القدم في إيطاليا.,من الملاعب المرتبطة بتاريخي: لويجي فيراريس. ومن منافسيّ المعروفين: جنوى.,Authored historical club facts; see SOURCES.md
club_genoa,Genoa,جنوى;جنوا;جينوا;Genoa,ترجع جذور تأسيسي إلى سنة 1893.,من ألواني المعروفة: الأحمر والأزرق.,أنا نادٍ من جنوة، وأنتمي إلى كرة القدم في إيطاليا.,من الملاعب المرتبطة بتاريخي: لويجي فيراريس. ومن منافسيّ المعروفين: سامبدوريا.,Authored historical club facts; see SOURCES.md
club_parma,Parma,بارما;Parma,ترجع جذور تأسيسي إلى سنة 1913.,من ألواني المعروفة: الأصفر والأزرق.,أنا نادٍ من بارما، وأنتمي إلى كرة القدم في إيطاليا.,من الملاعب المرتبطة بتاريخي: إينيو تارديني. ومن منافسيّ المعروفين: ريجيانا.,Authored historical club facts; see SOURCES.md
club_udinese,Udinese,أودينيزي;اودينيزي;اودينيزى;Udinese,ترجع جذور تأسيسي إلى سنة 1896.,من ألواني المعروفة: الأبيض والأسود.,أنا نادٍ من أوديني، وأنتمي إلى كرة القدم في إيطاليا.,من الملاعب المرتبطة بتاريخي: فريولي. ومن منافسيّ المعروفين: تريستينا.,Authored historical club facts; see SOURCES.md
club_parissaintgermain,Paris Saint-Germain,باريس سان جيرمان;باريس سان جرمان;باريس;بي اس جي;باريس سانجيرمان;Paris Saint-Germain,ترجع جذور تأسيسي إلى سنة 1970.,من ألواني المعروفة: الأزرق والأحمر.,أنا نادٍ من باريس، وأنتمي إلى كرة القدم في فرنسا.,من الملاعب المرتبطة بتاريخي: بارك دي برانس. ومن منافسيّ المعروفين: مرسيليا.,Authored historical club facts; see SOURCES.md
club_marseille,Marseille,مارسيليا;مرسيليا;اولمبيك مرسيليا;مارسيليه;Marseille,ترجع جذور تأسيسي إلى سنة 1899.,من ألواني المعروفة: الأبيض والأزرق السماوي.,أنا نادٍ من مرسيليا، وأنتمي إلى كرة القدم في فرنسا.,من الملاعب المرتبطة بتاريخي: فيلودروم. ومن منافسيّ المعروفين: باريس سان جيرمان.,Authored historical club facts; see SOURCES.md
club_lyon,Lyon,ليون;أولمبيك ليون;اولمبيك ليون;Lyon,ترجع جذور تأسيسي إلى سنة 1950.,من ألواني المعروفة: الأبيض والأحمر والأزرق.,أنا نادٍ من ليون، وأنتمي إلى كرة القدم في فرنسا.,من الملاعب المرتبطة بتاريخي: جيرلان. ومن منافسيّ المعروفين: سانت إتيان.,Authored historical club facts; see SOURCES.md
club_monaco,Monaco,موناكو;اي اس موناكو;Monaco,ترجع جذور تأسيسي إلى سنة 1924.,من ألواني المعروفة: الأحمر والأبيض.,أنا نادٍ من موناكو، وأنتمي إلى كرة القدم في فرنسا/موناكو.,من الملاعب المرتبطة بتاريخي: لويس الثاني. ومن منافسيّ المعروفين: نيس.,Authored historical club facts; see SOURCES.md
club_lille,Lille,ليل;ليل الفرنسي;Lille,ترجع جذور تأسيسي إلى سنة 1944.,من ألواني المعروفة: الأحمر والأبيض.,أنا نادٍ من ليل، وأنتمي إلى كرة القدم في فرنسا.,من الملاعب المرتبطة بتاريخي: بيير موروا. ومن منافسيّ المعروفين: لانس.,Authored historical club facts; see SOURCES.md
club_rennes,Rennes,رين;رين الفرنسي;Rennes,ترجع جذور تأسيسي إلى سنة 1901.,من ألواني المعروفة: الأحمر والأسود.,أنا نادٍ من رين، وأنتمي إلى كرة القدم في فرنسا.,من الملاعب المرتبطة بتاريخي: روازون بارك. ومن منافسيّ المعروفين: نانت.,Authored historical club facts; see SOURCES.md
club_nice,Nice,نيس;نيس الفرنسي;Nice,ترجع جذور تأسيسي إلى سنة 1904.,من ألواني المعروفة: الأحمر والأسود.,أنا نادٍ من نيس، وأنتمي إلى كرة القدم في فرنسا.,من الملاعب المرتبطة بتاريخي: أليانز ريفييرا. ومن منافسيّ المعروفين: موناكو.,Authored historical club facts; see SOURCES.md
club_saintetienne,Saint-Étienne,سانت إيتيان;سانت اتيان;سانت إتيان;Saint-Étienne,ترجع جذور تأسيسي إلى سنة 1919.,من ألواني المعروفة: الأخضر.,أنا نادٍ من سانت إتيان، وأنتمي إلى كرة القدم في فرنسا.,من الملاعب المرتبطة بتاريخي: جوفروي غيشار. ومن منافسيّ المعروفين: ليون.,Authored historical club facts; see SOURCES.md
club_bordeaux,Bordeaux,بوردو;جيروندان بوردو;Bordeaux,ترجع جذور تأسيسي إلى سنة 1881.,من ألواني المعروفة: الكحلي والأبيض.,أنا نادٍ من بوردو، وأنتمي إلى كرة القدم في فرنسا.,من الملاعب المرتبطة بتاريخي: شابان ديلماس. ومن منافسيّ المعروفين: تولوز.,Authored historical club facts; see SOURCES.md
club_lens,Lens,لانس;لنس;Lens,ترجع جذور تأسيسي إلى سنة 1906.,من ألواني المعروفة: الأحمر والأصفر.,أنا نادٍ من لانس، وأنتمي إلى كرة القدم في فرنسا.,من الملاعب المرتبطة بتاريخي: بولار دولولي. ومن منافسيّ المعروفين: ليل.,Authored historical club facts; see SOURCES.md
club_ajax,Ajax,أياكس;اياكس;اجاكس;أياكس أمستردام;Ajax,ترجع جذور تأسيسي إلى سنة 1900.,من ألواني المعروفة: الأحمر والأبيض.,أنا نادٍ من أمستردام، وأنتمي إلى كرة القدم في هولندا.,من الملاعب المرتبطة بتاريخي: يوهان كرويف أرينا. ومن منافسيّ المعروفين: فينورد.,Authored historical club facts; see SOURCES.md
club_psveindhoven,PSV Eindhoven,آيندهوفن;ايندهوفن;بي اس في;ايندهوڤن;PSV Eindhoven,ترجع جذور تأسيسي إلى سنة 1913.,من ألواني المعروفة: الأحمر والأبيض.,أنا نادٍ من آيندهوفن، وأنتمي إلى كرة القدم في هولندا.,من الملاعب المرتبطة بتاريخي: فيليبس. ومن منافسيّ المعروفين: أياكس.,Authored historical club facts; see SOURCES.md
club_feyenoord,Feyenoord,فينورد;فينورد روتردام;فاينورد;Feyenoord,ترجع جذور تأسيسي إلى سنة 1908.,من ألواني المعروفة: الأحمر والأبيض.,أنا نادٍ من روتردام، وأنتمي إلى كرة القدم في هولندا.,من الملاعب المرتبطة بتاريخي: دي كويب. ومن منافسيّ المعروفين: أياكس.,Authored historical club facts; see SOURCES.md
club_porto,Porto,بورتو;اف سي بورتو;Porto,ترجع جذور تأسيسي إلى سنة 1893.,من ألواني المعروفة: الأزرق والأبيض.,أنا نادٍ من بورتو، وأنتمي إلى كرة القدم في البرتغال.,من الملاعب المرتبطة بتاريخي: دراغاو. ومن منافسيّ المعروفين: بنفيكا.,Authored historical club facts; see SOURCES.md
club_benfica,Benfica,بنفيكا;بنفيقة;Benfica,ترجع جذور تأسيسي إلى سنة 1904.,من ألواني المعروفة: الأحمر والأبيض.,أنا نادٍ من لشبونة، وأنتمي إلى كرة القدم في البرتغال.,من الملاعب المرتبطة بتاريخي: دا لوز. ومن منافسيّ المعروفين: سبورتينغ لشبونة.,Authored historical club facts; see SOURCES.md
club_sportingcp,Sporting CP,سبورتينغ لشبونة;سبورتينج لشبونة;سبورتنغ;سبورتينغ;Sporting CP,ترجع جذور تأسيسي إلى سنة 1906.,من ألواني المعروفة: الأخضر والأبيض.,أنا نادٍ من لشبونة، وأنتمي إلى كرة القدم في البرتغال.,من الملاعب المرتبطة بتاريخي: جوزيه ألفالادي. ومن منافسيّ المعروفين: بنفيكا.,Authored historical club facts; see SOURCES.md
club_braga,Braga,براغا;سبورتينغ براغا;براغه;Braga,ترجع جذور تأسيسي إلى سنة 1921.,من ألواني المعروفة: الأحمر والأبيض.,أنا نادٍ من براغا، وأنتمي إلى كرة القدم في البرتغال.,من الملاعب المرتبطة بتاريخي: ملعب براغا البلدي. ومن منافسيّ المعروفين: فيتوريا غيماريش.,Authored historical club facts; see SOURCES.md
club_celtic,Celtic,سيلتيك;سلتيك;سيلتك;Celtic,ترجع جذور تأسيسي إلى سنة 1887.,من ألواني المعروفة: الأخضر والأبيض.,أنا نادٍ من غلاسكو، وأنتمي إلى كرة القدم في اسكتلندا.,من الملاعب المرتبطة بتاريخي: سيلتيك بارك. ومن منافسيّ المعروفين: رينجرز.,Authored historical club facts; see SOURCES.md
club_rangers,Rangers,رينجرز;غلاسكو رينجرز;رينجرس;Rangers,ترجع جذور تأسيسي إلى سنة 1872.,من ألواني المعروفة: الأزرق.,أنا نادٍ من غلاسكو، وأنتمي إلى كرة القدم في اسكتلندا.,من الملاعب المرتبطة بتاريخي: آيبروكس. ومن منافسيّ المعروفين: سيلتيك.,Authored historical club facts; see SOURCES.md
club_galatasaray,Galatasaray,غلطة سراي;غلاطة سراي;غالاطا سراي;غالاتاسراي;Galatasaray,ترجع جذور تأسيسي إلى سنة 1905.,من ألواني المعروفة: الأصفر والأحمر.,أنا نادٍ من إسطنبول، وأنتمي إلى كرة القدم في تركيا.,من الملاعب المرتبطة بتاريخي: علي سامي ين. ومن منافسيّ المعروفين: فنربخشة.,Authored historical club facts; see SOURCES.md
club_fenerbahce,Fenerbahçe,فنربخشة;فنربخشه;فنر بهتشه;فنربهتشه;Fenerbahçe,ترجع جذور تأسيسي إلى سنة 1907.,من ألواني المعروفة: الأصفر والكحلي.,أنا نادٍ من إسطنبول، وأنتمي إلى كرة القدم في تركيا.,من الملاعب المرتبطة بتاريخي: شكري سراج أوغلو. ومن منافسيّ المعروفين: غلطة سراي.,Authored historical club facts; see SOURCES.md
club_besiktas,Beşiktaş,بشكتاش;بيشكتاش;بشيكتاش;Beşiktaş,ترجع جذور تأسيسي إلى سنة 1903.,من ألواني المعروفة: الأبيض والأسود.,أنا نادٍ من إسطنبول، وأنتمي إلى كرة القدم في تركيا.,من الملاعب المرتبطة بتاريخي: إينونو. ومن منافسيّ المعروفين: فنربخشة.,Authored historical club facts; see SOURCES.md
club_trabzonspor,Trabzonspor,طرابزون سبور;طرابزون;ترابزون سبور;Trabzonspor,ترجع جذور تأسيسي إلى سنة 1967.,من ألواني المعروفة: العنابي والأزرق.,أنا نادٍ من طرابزون، وأنتمي إلى كرة القدم في تركيا.,من الملاعب المرتبطة بتاريخي: حسين عوني أكر. ومن منافسيّ المعروفين: فنربخشة.,Authored historical club facts; see SOURCES.md
club_olympiacos,Olympiacos,أولمبياكوس;اولمبياكوس;أولمبياكوس بيرايوس;Olympiacos,ترجع جذور تأسيسي إلى سنة 1925.,من ألواني المعروفة: الأحمر والأبيض.,أنا نادٍ من بيرايوس، وأنتمي إلى كرة القدم في اليونان.,من الملاعب المرتبطة بتاريخي: كارايسكاكيس. ومن منافسيّ المعروفين: باناثينايكوس.,Authored historical club facts; see SOURCES.md
club_panathinaikos,Panathinaikos,باناثينايكوس;باناثينايكوس أثينا;Panathinaikos,ترجع جذور تأسيسي إلى سنة 1908.,من ألواني المعروفة: الأخضر والأبيض.,أنا نادٍ من أثينا، وأنتمي إلى كرة القدم في اليونان.,من الملاعب المرتبطة بتاريخي: أبوستولوس نيكولايديس. ومن منافسيّ المعروفين: أولمبياكوس.,Authored historical club facts; see SOURCES.md
club_shakhtardonetsk,Shakhtar Donetsk,شاختار دونيتسك;شاختار;شاختار دونيتسك الأوكراني;Shakhtar Donetsk,ترجع جذور تأسيسي إلى سنة 1936.,من ألواني المعروفة: البرتقالي والأسود.,أنا نادٍ من دونيتسك، وأنتمي إلى كرة القدم في أوكرانيا.,من الملاعب المرتبطة بتاريخي: دونباس أرينا. ومن منافسيّ المعروفين: دينامو كييف.,Authored historical club facts; see SOURCES.md
club_dynamokyiv,Dynamo Kyiv,دينامو كييف;دينامو كييف الأوكراني;Dynamo Kyiv,ترجع جذور تأسيسي إلى سنة 1927.,من ألواني المعروفة: الأبيض والأزرق.,أنا نادٍ من كييف، وأنتمي إلى كرة القدم في أوكرانيا.,من الملاعب المرتبطة بتاريخي: ملعب أولمبيسكي الوطني. ومن منافسيّ المعروفين: شاختار دونيتسك.,Authored historical club facts; see SOURCES.md
club_zenitsaintpetersburg,Zenit Saint Petersburg,زينيت;زينيت سان بطرسبورغ;زينيت بطرسبورغ;Zenit Saint Petersburg,ترجع جذور تأسيسي إلى سنة 1925.,من ألواني المعروفة: الأزرق السماوي.,أنا نادٍ من سان بطرسبورغ، وأنتمي إلى كرة القدم في روسيا.,من الملاعب المرتبطة بتاريخي: بيتروفسكي. ومن منافسيّ المعروفين: سبارتاك موسكو.,Authored historical club facts; see SOURCES.md
club_cskamoscow,CSKA Moscow,سيسكا موسكو;سسكا موسكو;سيسكا;CSKA Moscow,ترجع جذور تأسيسي إلى سنة 1911.,من ألواني المعروفة: الأحمر والأزرق.,أنا نادٍ من موسكو، وأنتمي إلى كرة القدم في روسيا.,من الملاعب المرتبطة بتاريخي: في إي بي أرينا. ومن منافسيّ المعروفين: سبارتاك موسكو.,Authored historical club facts; see SOURCES.md
club_redbullsalzburg,Red Bull Salzburg,ريد بول سالزبورغ;سالزبورغ;سالزبورج;Red Bull Salzburg,ترجع جذور تأسيسي إلى سنة 1933.,من ألواني المعروفة: الأحمر والأبيض.,أنا نادٍ من سالزبورغ، وأنتمي إلى كرة القدم في النمسا.,من الملاعب المرتبطة بتاريخي: ريد بول أرينا. ومن منافسيّ المعروفين: رابيد فيينا.,Authored historical club facts; see SOURCES.md
club_anderlecht,Anderlecht,أندرلخت;اندرلخت;اندرليخت;Anderlecht,ترجع جذور تأسيسي إلى سنة 1908.,من ألواني المعروفة: البنفسجي والأبيض.,أنا نادٍ من بروكسل، وأنتمي إلى كرة القدم في بلجيكا.,من الملاعب المرتبطة بتاريخي: كونستانت فاندن ستوك. ومن منافسيّ المعروفين: كلوب بروج.,Authored historical club facts; see SOURCES.md
club_clubbrugge,Club Brugge,كلوب بروج;كلوب بروغ;بروج;Club Brugge,ترجع جذور تأسيسي إلى سنة 1891.,من ألواني المعروفة: الأزرق والأسود.,أنا نادٍ من بروج، وأنتمي إلى كرة القدم في بلجيكا.,من الملاعب المرتبطة بتاريخي: يان بريدل. ومن منافسيّ المعروفين: أندرلخت.,Authored historical club facts; see SOURCES.md
club_bocajuniors,Boca Juniors,بوكا جونيورز;بوكا;بوكا جونيور;Boca Juniors,ترجع جذور تأسيسي إلى سنة 1905.,من ألواني المعروفة: الأزرق والأصفر.,أنا نادٍ من بوينس آيرس، وأنتمي إلى كرة القدم في الأرجنتين.,من الملاعب المرتبطة بتاريخي: لا بومبونيرا. ومن منافسيّ المعروفين: ريفر بليت.,Authored historical club facts; see SOURCES.md
club_riverplate,River Plate,ريفر بليت;ريفر بلايت;ريفر;ريڤر بليت;River Plate,ترجع جذور تأسيسي إلى سنة 1901.,من ألواني المعروفة: الأبيض مع شريط أحمر.,أنا نادٍ من بوينس آيرس، وأنتمي إلى كرة القدم في الأرجنتين.,من الملاعب المرتبطة بتاريخي: المونومنتال. ومن منافسيّ المعروفين: بوكا جونيورز.,Authored historical club facts; see SOURCES.md
club_flamengo,Flamengo,فلامنغو;فلامنجو;فلامينغو;Flamengo,ترجع جذور تأسيسي إلى سنة 1895.,من ألواني المعروفة: الأحمر والأسود.,أنا نادٍ من ريو دي جانيرو، وأنتمي إلى كرة القدم في البرازيل.,من الملاعب المرتبطة بتاريخي: ماراكانا. ومن منافسيّ المعروفين: فلومينينسي.,Authored historical club facts; see SOURCES.md
club_palmeiras,Palmeiras,بالميراس;بالميرس;Palmeiras,ترجع جذور تأسيسي إلى سنة 1914.,من ألواني المعروفة: الأخضر والأبيض.,أنا نادٍ من ساو باولو، وأنتمي إلى كرة القدم في البرازيل.,من الملاعب المرتبطة بتاريخي: أليانز باركي. ومن منافسيّ المعروفين: كورينثيانز.,Authored historical club facts; see SOURCES.md
club_santos,Santos,سانتوس;سانتوس البرازيلي;Santos,ترجع جذور تأسيسي إلى سنة 1912.,من ألواني المعروفة: الأبيض والأسود.,أنا نادٍ من سانتوس، وأنتمي إلى كرة القدم في البرازيل.,من الملاعب المرتبطة بتاريخي: فيلا بيلميرو. ومن منافسيّ المعروفين: كورينثيانز.,Authored historical club facts; see SOURCES.md
club_corinthians,Corinthians,كورينثيانز;كورينثيانس;كورينتيانز;Corinthians,ترجع جذور تأسيسي إلى سنة 1910.,من ألواني المعروفة: الأبيض والأسود.,أنا نادٍ من ساو باولو، وأنتمي إلى كرة القدم في البرازيل.,من الملاعب المرتبطة بتاريخي: أرينا كورينثيانز. ومن منافسيّ المعروفين: بالميراس.,Authored historical club facts; see SOURCES.md
club_saopaulo,São Paulo,ساو باولو;ساو باولو البرازيلي;ساوباولو;São Paulo,ترجع جذور تأسيسي إلى سنة 1930.,من ألواني المعروفة: الأبيض والأحمر والأسود.,أنا نادٍ من ساو باولو، وأنتمي إلى كرة القدم في البرازيل.,من الملاعب المرتبطة بتاريخي: مورومبي. ومن منافسيّ المعروفين: كورينثيانز.,Authored historical club facts; see SOURCES.md
club_alhilal,Al Hilal,الهلال;الهلال السعودي;هلال;Al Hilal,ترجع جذور تأسيسي إلى سنة 1957.,من ألواني المعروفة: الأزرق والأبيض.,أنا نادٍ من الرياض، وأنتمي إلى كرة القدم في السعودية.,من الملاعب المرتبطة بتاريخي: ملعب الملك فهد الدولي. ومن منافسيّ المعروفين: النصر.,Authored historical club facts; see SOURCES.md
club_alnassr,Al Nassr,النصر;النصر السعودي;نصر;Al Nassr,ترجع جذور تأسيسي إلى سنة 1955.,من ألواني المعروفة: الأصفر والأزرق.,أنا نادٍ من الرياض، وأنتمي إلى كرة القدم في السعودية.,من الملاعب المرتبطة بتاريخي: ملعب الملك فهد الدولي. ومن منافسيّ المعروفين: الهلال.,Authored historical club facts; see SOURCES.md
club_alittihad,Al Ittihad,الاتحاد السعودي;اتحاد جدة;الاتحاد;اتحاد;Al Ittihad,ترجع جذور تأسيسي إلى سنة 1927.,من ألواني المعروفة: الأصفر والأسود.,أنا نادٍ من جدة، وأنتمي إلى كرة القدم في السعودية.,من الملاعب المرتبطة بتاريخي: مدينة الملك عبد الله الرياضية. ومن منافسيّ المعروفين: الأهلي السعودي.,Authored historical club facts; see SOURCES.md
club_alahlisaudi,Al Ahli Saudi,الأهلي السعودي;الاهلي السعودي;اهلي جدة;أهلي جدة;Al Ahli Saudi,ترجع جذور تأسيسي إلى سنة 1937.,من ألواني المعروفة: الأخضر والأبيض.,أنا نادٍ من جدة، وأنتمي إلى كرة القدم في السعودية.,من الملاعب المرتبطة بتاريخي: مدينة الملك عبد الله الرياضية. ومن منافسيّ المعروفين: الاتحاد السعودي.,Authored historical club facts; see SOURCES.md
club_alahly,Al Ahly,الأهلي المصري;الاهلي المصري;الاهلي;الأهلي;Al Ahly,ترجع جذور تأسيسي إلى سنة 1907.,من ألواني المعروفة: الأحمر.,أنا نادٍ من القاهرة، وأنتمي إلى كرة القدم في مصر.,من الملاعب المرتبطة بتاريخي: ملعب القاهرة الدولي. ومن منافسيّ المعروفين: الزمالك.,Authored historical club facts; see SOURCES.md
club_zamalek,Zamalek,الزمالك;زمالك;Zamalek,ترجع جذور تأسيسي إلى سنة 1911.,من ألواني المعروفة: الأبيض مع خطين أحمرين.,أنا نادٍ من الجيزة، وأنتمي إلى كرة القدم في مصر.,من الملاعب المرتبطة بتاريخي: ملعب القاهرة الدولي. ومن منافسيّ المعروفين: الأهلي المصري.,Authored historical club facts; see SOURCES.md
club_rajacasablanca,Raja Casablanca,الرجاء;الرجاء البيضاوي;رجاء;Raja Casablanca,ترجع جذور تأسيسي إلى سنة 1949.,من ألواني المعروفة: الأخضر والأبيض.,أنا نادٍ من الدار البيضاء، وأنتمي إلى كرة القدم في المغرب.,من الملاعب المرتبطة بتاريخي: محمد الخامس. ومن منافسيّ المعروفين: الوداد.,Authored historical club facts; see SOURCES.md
club_wydadcasablanca,Wydad Casablanca,الوداد;الوداد البيضاوي;وداد;Wydad Casablanca,ترجع جذور تأسيسي إلى سنة 1937.,من ألواني المعروفة: الأحمر والأبيض.,أنا نادٍ من الدار البيضاء، وأنتمي إلى كرة القدم في المغرب.,من الملاعب المرتبطة بتاريخي: محمد الخامس. ومن منافسيّ المعروفين: الرجاء.,Authored historical club facts; see SOURCES.md
club_esperancetunis,Espérance Tunis,الترجي;الترجي التونسي;ترجي;Espérance Tunis,ترجع جذور تأسيسي إلى سنة 1919.,من ألواني المعروفة: الأحمر والأصفر.,أنا نادٍ من تونس، وأنتمي إلى كرة القدم في تونس.,من الملاعب المرتبطة بتاريخي: الملعب الأولمبي برادس. ومن منافسيّ المعروفين: النادي الأفريقي.,Authored historical club facts; see SOURCES.md
club_alsadd,Al Sadd,السد;السد القطري;سد;Al Sadd,ترجع جذور تأسيسي إلى سنة 1969.,من ألواني المعروفة: الأبيض والأسود.,أنا نادٍ من الدوحة، وأنتمي إلى كرة القدم في قطر.,من الملاعب المرتبطة بتاريخي: جاسم بن حمد. ومن منافسيّ المعروفين: العربي القطري.,Authored historical club facts; see SOURCES.md
club_alduhail,Al Duhail,الدحيل;الدحيل القطري;لخويا;Al Duhail,ترجع جذور تأسيسي إلى سنة 2009.,من ألواني المعروفة: الأحمر.,أنا نادٍ من الدوحة، وأنتمي إلى كرة القدم في قطر.,من الملاعب المرتبطة بتاريخي: عبد الله بن خليفة. ومن منافسيّ المعروفين: السد.,Authored historical club facts; see SOURCES.md
club_alain,Al Ain,العين;العين الاماراتي;العين الإماراتي;Al Ain,ترجع جذور تأسيسي إلى سنة 1968.,من ألواني المعروفة: البنفسجي والأبيض.,أنا نادٍ من العين، وأنتمي إلى كرة القدم في الإمارات.,من الملاعب المرتبطة بتاريخي: هزاع بن زايد. ومن منافسيّ المعروفين: الوحدة الإماراتي.,Authored historical club facts; see SOURCES.md
club_alshorta,Al Shorta,الشرطة;الشرطه;الشرطة العراقي;Al Shorta,ترجع جذور تأسيسي إلى سنة 1932.,من ألواني المعروفة: الأخضر.,أنا نادٍ من بغداد، وأنتمي إلى كرة القدم في العراق.,من الملاعب المرتبطة بتاريخي: ملعب الشعب الدولي. ومن منافسيّ المعروفين: القوة الجوية.,Authored historical club facts; see SOURCES.md
club_alquwaaljawiya,Al Quwa Al Jawiya,القوة الجوية;القوه الجويه;الجوية;الجويه;Al Quwa Al Jawiya,ترجع جذور تأسيسي إلى سنة 1931.,من ألواني المعروفة: الأزرق.,أنا نادٍ من بغداد، وأنتمي إلى كرة القدم في العراق.,من الملاعب المرتبطة بتاريخي: ملعب الشعب الدولي. ومن منافسيّ المعروفين: الزوراء.,Authored historical club facts; see SOURCES.md
club_alzawraa,Al Zawraa,الزوراء;زوراء;Al Zawraa,ترجع جذور تأسيسي إلى سنة 1969.,من ألواني المعروفة: الأبيض.,أنا نادٍ من بغداد، وأنتمي إلى كرة القدم في العراق.,من الملاعب المرتبطة بتاريخي: ملعب الشعب الدولي. ومن منافسيّ المعروفين: القوة الجوية.,Authored historical club facts; see SOURCES.md
club_altalaba,Al Talaba,الطلبة;الطلبه;طلبة;طلبه;Al Talaba,ترجع جذور تأسيسي إلى سنة 1969.,من ألواني المعروفة: الأزرق.,أنا نادٍ من بغداد، وأنتمي إلى كرة القدم في العراق.,من الملاعب المرتبطة بتاريخي: ملعب الشعب الدولي. ومن منافسيّ المعروفين: الزوراء.,Authored historical club facts; see SOURCES.md
