mode,item_id,answer,difficulty_1_hard_4_easy,event_year,kind,clue,source_url,checked_on
players,fifa22_218667,Bernardo Silva,2,2026,transfer,كنت ضمن ستة وافدين جدد ظهروا رسمياً لريال مدريد ضد إسبانيول في أغسطس ٢٠٢٦.,https://www.realmadrid.com/en-US/news/football/first-team/latest-news/debut-en-partido-oficial-de-los-seis-nuevos-fichajes-del-real-madrid-22-08-2026,2026-10-01
players,fifa22_233096,Denzel Dumfries,2,2026,transfer,كنت ضمن ستة وافدين جدد ظهروا رسمياً لريال مدريد ضد إسبانيول في أغسطس ٢٠٢٦.,https://www.realmadrid.com/en-US/news/football/first-team/latest-news/debut-en-partido-oficial-de-los-seis-nuevos-fichajes-del-real-madrid-22-08-2026,2026-10-01
players,fifa22_239231,Cucurella,2,2026,transfer,كنت ضمن ستة وافدين جدد ظهروا رسمياً لريال مدريد ضد إسبانيول في أغسطس ٢٠٢٦.,https://www.realmadrid.com/en-US/news/football/first-team/latest-news/debut-en-partido-oficial-de-los-seis-nuevos-fichajes-del-real-madrid-22-08-2026,2026-10-01
players,fifa22_218667,Bernardo Silva,4,2026,transfer,ظهرت مع ريال مدريد في أغسطس ٢٠٢٦؛ اسمي الأول برناردو.,https://www.realmadrid.com/en-US/news/football/first-team/latest-news/debut-en-partido-oficial-de-los-seis-nuevos-fichajes-del-real-madrid-22-08-2026,2026-10-01
players,fifa22_233096,Denzel Dumfries,4,2026,transfer,كنت من صفقات ريال مدريد التي ظهرت في أغسطس ٢٠٢٦؛ اسمي الأول دينزل.,https://www.realmadrid.com/en-US/news/football/first-team/latest-news/debut-en-partido-oficial-de-los-seis-nuevos-fichajes-del-real-madrid-22-08-2026,2026-10-01
players,fifa22_239231,Cucurella,4,2026,transfer,ظهرت رسمياً بقميص ريال مدريد في أغسطس ٢٠٢٦؛ اسم عائلتي يبدأ بـ كوك.,https://www.realmadrid.com/en-US/news/football/first-team/latest-news/debut-en-partido-oficial-de-los-seis-nuevos-fichajes-del-real-madrid-22-08-2026,2026-10-01
players,fifa22_231866,Rodri,2,2026,transfer,في أغسطس ٢٠٢٦ وقّعت لنادٍ كتالوني حتى يونيو ٢٠٣٠.,https://www.fcbarcelona.com/en/football/first-team/news/4561501/fc-barcelona-sign-rodrigo-hernandez,2026-10-01
players,fifa22_231866,Rodri,4,2026,transfer,انتقلت من مانشستر سيتي إلى برشلونة في أغسطس ٢٠٢٦؛ ألعب في الارتكاز.,https://www.fcbarcelona.com/en/football/first-team/news/4561501/fc-barcelona-sign-rodrigo-hernandez,2026-10-01
players,fifa22_216267,Andrew Robertson,2,2026,transfer,أُعلن في يونيو ٢٠٢٦ اتفاق انتقالي لنادٍ لندني بعد تسع سنوات في ليفربول.,https://www.liverpoolfc.com/news/andy-robertson-join-tottenham-hotspur,2026-10-01
players,fifa22_216267,Andrew Robertson,4,2026,transfer,اتفقت على الانضمام لتوتنهام في يوليو ٢٠٢٦؛ ظهير اسكتلندي واسمي أندرو.,https://www.liverpoolfc.com/news/andy-robertson-join-tottenham-hotspur,2026-10-01
players,fifa22_215316,Gerónimo Rulli,3,2026,transfer,كنت ضمن الحراس الذين انضموا لمانشستر سيتي في صيف ٢٠٢٦؛ اسمي الأول جيرونيمو.,https://www.mancity.com/news/mens/enzo-fernandez-squad-number-revealed-63923952,2026-10-01
clubs,club_realmadrid,Real Madrid,2,2026,event,قدّمت ستة وافدين جدد رسمياً ضد إسبانيول في أغسطس ٢٠٢٦، بينهم برناردو ودومفريس.,https://www.realmadrid.com/en-US/news/football/first-team/latest-news/debut-en-partido-oficial-de-los-seis-nuevos-fichajes-del-real-madrid-22-08-2026,2026-10-01
clubs,club_barcelona,Barcelona,2,2026,event,أعلنت ضم رودري من مانشستر سيتي في أغسطس ٢٠٢٦ بعقد حتى ٢٠٣٠.,https://www.fcbarcelona.com/en/football/first-team/news/4561501/fc-barcelona-sign-rodrigo-hernandez,2026-10-01
clubs,club_tottenhamhotspur,Tottenham Hotspur,2,2026,event,اتفقت على ضم أندرو روبرتسون بعد نهاية عقده مع ليفربول في صيف ٢٠٢٦.,https://www.liverpoolfc.com/news/andy-robertson-join-tottenham-hotspur,2026-10-01
clubs,club_manchestercity,Manchester City,2,2026,event,تعاقدت مع إنزو فرنانديز من تشيلسي في سبتمبر ٢٠٢٦ لخمس سنوات.,https://www.mancity.com/news/mens/enzo-fernandez-signs-for-city-63923893,2026-10-01
clubs,club_manchestercity,Manchester City,3,2026,event,حصل إنزو فرنانديز عند انضمامه لي سنة ٢٠٢٦ على الرقم ١٧ الذي اشتهر به دي بروين.,https://www.mancity.com/news/mens/enzo-fernandez-squad-number-revealed-63923952,2026-10-01
clubs,club_liverpool,Liverpool,2,2026,event,أعلنت ضم برادلي باركولا من باريس سان جيرمان في أغسطس ٢٠٢٦.,https://www.liverpoolfc.com/news/liverpool-sign-bradley-barcola-paris-saint-germain,2026-10-01
clubs,club_liverpool,Liverpool,3,2026,event,أعلنت اتفاق إعارة رونالد أراوخو من برشلونة لموسم ٢٠٢٦–٢٠٢٧، مشروطاً بالتصاريح والموافقة الدولية.,https://www.liverpoolfc.com/news/liverpool-agree-deal-sign-ronald-araujo-loan,2026-10-01
clubs,club_chelsea,Chelsea,2,2026,event,غادرني إنزو فرنانديز إلى مانشستر سيتي في سبتمبر ٢٠٢٦.,https://www.mancity.com/news/mens/enzo-fernandez-signs-for-city-63923893,2026-10-01
players,fifa22_241461,Ferran Torres,1,2026,event,حسمت نهائي كأس العالم ٢٠٢٦ بهدف في الدقيقة ١٠٦.,https://inside.fifa.com/organisation/news/spain-crowned-world-cup-2026-champions-new-york-new-jersey,2026-10-01
players,fifa22_241461,Ferran Torres,3,2026,event,سجّلت هدف إسبانيا الوحيد ضد الأرجنتين في نهائي مونديال ٢٠٢٦.,https://inside.fifa.com/organisation/news/spain-crowned-world-cup-2026-champions-new-york-new-jersey,2026-10-01
players,fifa22_231866,Rodri,1,2026,event,فزت بالكرة الذهبية لأفضل لاعب في كأس العالم ٢٠٢٦.,https://inside.fifa.com/organisation/news/spain-crowned-world-cup-2026-champions-new-york-new-jersey,2026-10-01
players,fifa22_230869,Unai Simón,1,2026,event,نلت القفاز الذهبي في كأس العالم ٢٠٢٦.,https://inside.fifa.com/organisation/news/spain-crowned-world-cup-2026-champions-new-york-new-jersey,2026-10-01
players,fifa22_230869,Unai Simón,3,2026,event,حارس إسباني حصل على جائزة أفضل حارس في مونديال ٢٠٢٦.,https://inside.fifa.com/organisation/news/spain-crowned-world-cup-2026-champions-new-york-new-jersey,2026-10-01
players,fifa22_235212,Achraf Hakimi,2,2026,event,لعبت أساسياً لباريس في نهائي دوري الأبطال ٢٠٢٦.,https://www.uefa.com/uefachampionsleague/news/02a5-20c02e59f219-15e92acdc717-1000--paris-retain-champions-league-holders-edge-arsenal-on-pena/,2026-10-01
players,fifa22_207865,Marquinhos,2,2026,event,لعبت أساسياً لباريس في نهائي دوري الأبطال ٢٠٢٦.,https://www.uefa.com/uefachampionsleague/news/02a5-20c02e59f219-15e92acdc717-1000--paris-retain-champions-league-holders-edge-arsenal-on-pena/,2026-10-01
players,fifa22_252145,Nuno Mendes,2,2026,event,لعبت أساسياً لباريس في نهائي دوري الأبطال ٢٠٢٦.,https://www.uefa.com/uefachampionsleague/news/02a5-20c02e59f219-15e92acdc717-1000--paris-retain-champions-league-holders-edge-arsenal-on-pena/,2026-10-01
players,fifa22_226271,Fabián,2,2026,event,لعبت أساسياً لباريس في نهائي دوري الأبطال ٢٠٢٦.,https://www.uefa.com/uefachampionsleague/news/02a5-20c02e59f219-15e92acdc717-1000--paris-retain-champions-league-holders-edge-arsenal-on-pena/,2026-10-01
players,fifa22_231443,Ousmane Dembélé,2,2026,event,لعبت أساسياً لباريس في نهائي دوري الأبطال ٢٠٢٦.,https://www.uefa.com/uefachampionsleague/news/02a5-20c02e59f219-15e92acdc717-1000--paris-retain-champions-league-holders-edge-arsenal-on-pena/,2026-10-01
players,custom_khvichakvaratskhelia,Khvicha Kvaratskhelia,2,2026,event,لعبت أساسياً لباريس في نهائي دوري الأبطال ٢٠٢٦.,https://www.uefa.com/uefachampionsleague/news/02a5-20c02e59f219-15e92acdc717-1000--paris-retain-champions-league-holders-edge-arsenal-on-pena/,2026-10-01
players,fifa22_243715,William Saliba,2,2026,event,بدأت مع آرسنال نهائي دوري الأبطال ٢٠٢٦.,https://www.uefa.com/uefachampionsleague/news/02a5-20c02e59f219-15e92acdc717-1000--paris-retain-champions-league-holders-edge-arsenal-on-pena/,2026-10-01
players,fifa22_232580,Gabriel,2,2026,event,بدأت مع آرسنال نهائي دوري الأبطال ٢٠٢٦.,https://www.uefa.com/uefachampionsleague/news/02a5-20c02e59f219-15e92acdc717-1000--paris-retain-champions-league-holders-edge-arsenal-on-pena/,2026-10-01
players,fifa22_234378,Declan Rice,2,2026,event,بدأت مع آرسنال نهائي دوري الأبطال ٢٠٢٦.,https://www.uefa.com/uefachampionsleague/news/02a5-20c02e59f219-15e92acdc717-1000--paris-retain-champions-league-holders-edge-arsenal-on-pena/,2026-10-01
players,custom_bukayosaka,Bukayo Saka,2,2026,event,بدأت مع آرسنال نهائي دوري الأبطال ٢٠٢٦.,https://www.uefa.com/uefachampionsleague/news/02a5-20c02e59f219-15e92acdc717-1000--paris-retain-champions-league-holders-edge-arsenal-on-pena/,2026-10-01
players,fifa22_222665,Martin Ødegaard,2,2026,event,بدأت مع آرسنال نهائي دوري الأبطال ٢٠٢٦.,https://www.uefa.com/uefachampionsleague/news/02a5-20c02e59f219-15e92acdc717-1000--paris-retain-champions-league-holders-edge-arsenal-on-pena/,2026-10-01
players,fifa22_235790,Kai Havertz,2,2026,event,بدأت مع آرسنال نهائي دوري الأبطال ٢٠٢٦.,https://www.uefa.com/uefachampionsleague/news/02a5-20c02e59f219-15e92acdc717-1000--paris-retain-champions-league-holders-edge-arsenal-on-pena/,2026-10-01
players,fifa22_256903,Gonçalo Ramos,2,2026,event,دخلت بديلاً لديمبيلي بنهائي دوري الأبطال ٢٠٢٦.,https://www.uefa.com/uefachampionsleague/news/02a5-20c02e59f219-15e92acdc717-1000--paris-retain-champions-league-holders-edge-arsenal-on-pena/,2026-10-01
players,fifa22_231443,Ousmane Dembélé,3,2026,event,سجّلت تعادل باريس من ركلة جزاء بنهائي دوري الأبطال ٢٠٢٦.,https://www.uefa.com/uefachampionsleague/news/02a5-20c02e59f219-15e92acdc717-1000--paris-retain-champions-league-holders-edge-arsenal-on-pena/,2026-10-01
players,fifa22_235790,Kai Havertz,1,2026,event,سجّلت في نهائي أوروبا لتشيلسي ٢٠٢١ وآرسنال ٢٠٢٦.,https://www.uefa.com/uefachampionsleague/news/02a5-20c02e59f219-15e92acdc717-1000--paris-retain-champions-league-holders-edge-arsenal-on-pena/,2026-10-01
players,custom_khvichakvaratskhelia,Khvicha Kvaratskhelia,1,2026,event,حصلت على ركلة جزاء أعادت باريس للمباراة بنهائي دوري الأبطال ٢٠٢٦.,https://www.uefa.com/uefachampionsleague/news/02a5-20c02e59f219-15e92acdc717-1000--paris-retain-champions-league-holders-edge-arsenal-on-pena/,2026-10-01
players,fifa22_252145,Nuno Mendes,1,2026,event,تصدى رايا لركلتي الترجيحية بنهائي دوري الأبطال ٢٠٢٦.,https://www.uefa.com/uefachampionsleague/news/02a5-20c02e59f219-15e92acdc717-1000--paris-retain-champions-league-holders-edge-arsenal-on-pena/,2026-10-01
clubs,club_parissaintgermain,Paris Saint-Germain,1,2026,event,حافظت على لقب دوري الأبطال سنة ٢٠٢٦ بعد النهائي في بودابست.,https://www.uefa.com/uefachampionsleague/news/02a5-20901454177c-738c0ac757df-1000--champions-league-final-meet-the-teams/,2026-10-01
clubs,club_parissaintgermain,Paris Saint-Germain,3,2026,event,هزمت آرسنال بترجيح ٤–٣ بعد تعادل ١–١ بنهائي دوري الأبطال ٢٠٢٦.,https://www.uefa.com/uefachampionsleague/news/02a5-20901454177c-738c0ac757df-1000--champions-league-final-meet-the-teams/,2026-10-01
clubs,club_arsenal,Arsenal,2,2026,event,خسرت نهائي دوري الأبطال ٢٠٢٦ أمام باريس بركلات الترجيح بعد تعادل ١–١.,https://www.uefa.com/uefachampionsleague/news/02a5-20901454177c-738c0ac757df-1000--champions-league-final-meet-the-teams/,2026-10-01
clubs,club_bayernmunich,Bayern Munich,1,2026,event,ودّعت دوري الأبطال ٢٠٢٦ أمام باريس بنصف النهائي بمجموع ٦–٥.,https://www.uefa.com/uefachampionsleague/news/02a5-20901454177c-738c0ac757df-1000--champions-league-final-meet-the-teams/,2026-10-01
clubs,club_liverpool,Liverpool,1,2026,event,خرجت من ربع نهائي دوري الأبطال ٢٠٢٦ أمام باريس بمجموع ٤–٠.,https://www.uefa.com/uefachampionsleague/news/02a5-20901454177c-738c0ac757df-1000--champions-league-final-meet-the-teams/,2026-10-01
clubs,club_chelsea,Chelsea,1,2026,event,خسرت أمام باريس في ثمن نهائي دوري الأبطال ٢٠٢٦ بمجموع ٨–٢.,https://www.uefa.com/uefachampionsleague/news/02a5-20901454177c-738c0ac757df-1000--champions-league-final-meet-the-teams/,2026-10-01
players,fifa22_202811,Damián Martínez,2,2026,event,بدأت أساسياً لأستون فيلا بنهائي الدوري الأوروبي ٢٠٢٦.,https://www.uefa.com/uefaeuropaleague/match/2047743--freiburg-vs-aston-villa/,2026-10-01
players,fifa22_221660,Victor Lindelöf,2,2026,event,بدأت أساسياً لأستون فيلا بنهائي الدوري الأوروبي ٢٠٢٦.,https://www.uefa.com/uefaeuropaleague/match/2047743--freiburg-vs-aston-villa/,2026-10-01
players,fifa22_216393,Youri Tielemans,2,2026,event,بدأت أساسياً لأستون فيلا بنهائي الدوري الأوروبي ٢٠٢٦.,https://www.uefa.com/uefaeuropaleague/match/2047743--freiburg-vs-aston-villa/,2026-10-01
players,fifa22_200458,Lucas Digne,2,2026,event,بدأت أساسياً لأستون فيلا بنهائي الدوري الأوروبي ٢٠٢٦.,https://www.uefa.com/uefaeuropaleague/match/2047743--freiburg-vs-aston-villa/,2026-10-01
players,fifa22_241464,Pau Torres,2,2026,event,بدأت أساسياً لأستون فيلا بنهائي الدوري الأوروبي ٢٠٢٦.,https://www.uefa.com/uefaeuropaleague/match/2047743--freiburg-vs-aston-villa/,2026-10-01
players,fifa22_226162,Emiliano Buendía,2,2026,event,بدأت أساسياً لأستون فيلا بنهائي الدوري الأوروبي ٢٠٢٦.,https://www.uefa.com/uefaeuropaleague/match/2047743--freiburg-vs-aston-villa/,2026-10-01
players,fifa22_233049,Jadon Sancho,2,2026,event,دخلت لأستون فيلا بديلاً لبوينديا بنهائي الدوري الأوروبي ٢٠٢٦.,https://www.uefa.com/uefaeuropaleague/match/2047743--freiburg-vs-aston-villa/,2026-10-01
clubs,club_astonvilla,Aston Villa,1,2026,event,توجت بالدوري الأوروبي ٢٠٢٦؛ أول لقب قاري لي منذ ١٩٨٢.,https://www.uefa.com/uefaeuropaleague/news/02a1-1fce257db598-8d600e9b2af4-1000--2025-26-europa-league-meet-the-winners/,2026-10-01
clubs,club_astonvilla,Aston Villa,3,2026,event,هزمت فرايبورغ ٣–٠ بنهائي الدوري الأوروبي ٢٠٢٦ في إسطنبول.,https://www.uefa.com/uefaeuropaleague/match/2047743--freiburg-vs-aston-villa/,2026-10-01
players,custom_florianwirtz,Florian Wirtz,3,2025,transfer,انتقلت من ليفركوزن إلى ليفربول سنة ٢٠٢٥.,https://www.liverpoolfc.com/news/liverpool-agree-signing-florian-wirtz-bayer-leverkusen,2026-10-01
players,fifa22_233731,Alexander Isak,3,2025,transfer,انتقلت من نيوكاسل إلى ليفربول سنة ٢٠٢٥.,https://www.liverpoolfc.com/news/liverpool-complete-signing-alexander-isak,2026-10-01
players,fifa22_231281,Trent Alexander-Arnold,3,2025,transfer,انتقلت من ليفربول إلى ريال مدريد سنة ٢٠٢٥.,https://www.realmadrid.com/en-US/news/football/first-team/latest-news/alexander-arnold-firmo-su-contrato-con-el-real-madrid-12-06-2025,2026-10-01
players,fifa22_241084,Luis Díaz,3,2025,transfer,انتقلت من ليفربول إلى بايرن ميونخ سنة ٢٠٢٥.,https://fcbayern.com/en/news/2025/07/fc-bayern-sign-luis-diaz-from-liverpool,2026-10-01
players,custom_viktorgyokeres,Viktor Gyökeres,3,2025,transfer,انتقلت من سبورتينغ لشبونة إلى آرسنال سنة ٢٠٢٥.,https://www.arsenal.com/gallery/gallery-viktor-gyokeres-signs-aJwUR1w3gKni,2026-10-01
players,fifa22_230621,Gianluigi Donnarumma,3,2025,transfer,انتقلت من باريس سان جيرمان إلى مانشستر سيتي سنة ٢٠٢٥.,https://www.premierleague.com/en/news/4373807/man-city-sign-goalkeeper-donnarumma-from-psg,2026-10-01
players,fifa22_210257,Ederson,3,2025,transfer,انتقلت من مانشستر سيتي إلى فنربخشة سنة ٢٠٢٥.,https://www.mancity.com/news/mens/ederson-leaves-manchester-city-fenerbahce-transfer-63892390,2026-10-01
players,custom_kevindebruyne,Kevin De Bruyne,3,2025,transfer,انتقلت من مانشستر سيتي إلى نابولي سنة ٢٠٢٥.,https://sscnapoli.it/en/sscn-ufficiale-lingaggio-di-de-bruyne/,2026-10-01
players,fifa22_242444,João Félix,3,2025,transfer,انتقلت من تشيلسي إلى النصر السعودي سنة ٢٠٢٥.,https://www.chelseafc.com/en/news/article/joao-felix-completes-al-nassr-move,2026-10-01
players,fifa22_233731,Alexander Isak,1,2025,event,قبل انتقالي في ٢٠٢٥، سجّلت ٦٢ هدفاً في ١٠٩ مباريات لنيوكاسل.,https://www.liverpoolfc.com/news/liverpool-complete-signing-alexander-isak,2026-10-01
players,fifa22_241084,Luis Díaz,4,2025,event,انضممت إلى بايرن في يوليو ٢٠٢٥ بالرقم ١٤؛ جناح كولومبي واسمي لويس.,https://fcbayern.com/en/news/2025/07/fc-bayern-sign-luis-diaz-from-liverpool,2026-10-01
players,custom_florianwirtz,Florian Wirtz,2,2025,event,انتقلت سنة ٢٠٢٥ إلى النادي نفسه الذي سبقني إليه زميلي فريمبونغ.,https://www.liverpoolfc.com/news/liverpool-agree-signing-florian-wirtz-bayer-leverkusen,2026-10-01
players,fifa22_253149,Jeremie Frimpong,3,2025,transfer,انتقلت لليفربول في صيف ٢٠٢٥ قبل وصول زميلي فلوريان فيرتز.,https://www.liverpoolfc.com/news/liverpool-agree-signing-florian-wirtz-bayer-leverkusen,2026-10-01
clubs,club_liverpool,Liverpool,1,2025,event,ضممت ألكسندر إيزاك من نيوكاسل في سبتمبر ٢٠٢٥ ليحمل الرقم ٩.,https://www.liverpoolfc.com/news/liverpool-complete-signing-alexander-isak,2026-10-01
clubs,club_bayerleverkusen,Bayer Leverkusen,2,2025,event,غادرني فلوريان فيرتز إلى ليفربول في يونيو ٢٠٢٥.,https://www.liverpoolfc.com/news/liverpool-agree-signing-florian-wirtz-bayer-leverkusen,2026-10-01
clubs,club_bayernmunich,Bayern Munich,2,2025,event,تعاقدت مع لويس دياز من ليفربول سنة ٢٠٢٥ ومنحته الرقم ١٤.,https://fcbayern.com/en/news/2025/07/fc-bayern-sign-luis-diaz-from-liverpool,2026-10-01
clubs,club_manchestercity,Manchester City,2,2025,event,ضممت دوناروما من باريس في سبتمبر ٢٠٢٥ عقب رحيل إيدرسون.,https://www.premierleague.com/en/news/4373807/man-city-sign-goalkeeper-donnarumma-from-psg,2026-10-01
clubs,club_fenerbahce,Fenerbahçe,2,2025,event,تعاقدت مع الحارس البرازيلي إيدرسون من مانشستر سيتي سنة ٢٠٢٥.,https://www.mancity.com/news/mens/ederson-leaves-manchester-city-fenerbahce-transfer-63892390,2026-10-01
clubs,club_napoli,Napoli,2,2025,event,انضم لي كيفن دي بروين سنة ٢٠٢٥ بعد عشر سنوات في مانشستر سيتي.,https://sscnapoli.it/en/sscn-ufficiale-lingaggio-di-de-bruyne/,2026-10-01
clubs,club_alnassr,Al Nassr,2,2025,event,ضممت جواو فيليكس من تشيلسي بعقد دائم في يوليو ٢٠٢٥.,https://www.chelseafc.com/en/news/article/joao-felix-completes-al-nassr-move,2026-10-01
clubs,club_arsenal,Arsenal,1,2025,event,وقّعت مع المهاجم السويدي غيوكيريس من سبورتينغ لشبونة في يوليو ٢٠٢٥.,https://www.arsenal.com/gallery/gallery-viktor-gyokeres-signs-aJwUR1w3gKni,2026-10-01
players,fifa22_231443,Ousmane Dembélé,1,2025,event,فزت بالكرة الذهبية سنة ٢٠٢٥.,https://www.uefa.com/ballondor/video/029d-1ec96db52039-479f624d5b84-1000--ousmane-dembele-wins-2025-ballon-d-or/,2026-10-01
players,custom_colepalmer,Cole Palmer,1,2025,event,حصلت على الكرة الذهبية لكأس العالم للأندية ٢٠٢٥.,https://inside.fifa.com/official-documents/annual-report/2025/fifa-club-world-cup-2025/summary,2026-10-01
players,custom_colepalmer,Cole Palmer,3,2025,event,قدت تشيلسي للفوز على باريس ٣–٠ بنهائي مونديال الأندية ٢٠٢٥.,https://www.chelseafc.com/en/match/chelsea-vs-paris-saintgermain-fifa-club-world-cup-2025-07-13,2026-10-01
clubs,club_chelsea,Chelsea,1,2025,event,فزت بكأس العالم للأندية الموسّع سنة ٢٠٢٥.,https://www.chelseafc.com/en/match/chelsea-vs-paris-saintgermain-fifa-club-world-cup-2025-07-13,2026-10-01
clubs,club_chelsea,Chelsea,3,2025,event,هزمت باريس ٣–٠ بنهائي مونديال الأندية ٢٠٢٥ بفضل تألق بالمر.,https://www.chelseafc.com/en/match/chelsea-vs-paris-saintgermain-fifa-club-world-cup-2025-07-13,2026-10-01
players,fifa22_235212,Achraf Hakimi,1,2025,event,أصبحت أول مغربي يسجّل في نهائي كأس أوروبا سنة ٢٠٢٥.,https://www.uefa.com/uefachampionsleague/news/0299-1de417608530-15b01ff7b150-1000--paris-win-champions-league-doue-double-helps-secure-reco/,2026-10-01
players,custom_khvichakvaratskhelia,Khvicha Kvaratskhelia,3,2025,event,سجّلت لباريس ضد إنتر بنهائي دوري الأبطال ٢٠٢٥.,https://www.uefa.com/uefachampionsleague/news/0299-1de417608530-15b01ff7b150-1000--paris-win-champions-league-doue-double-helps-secure-reco/,2026-10-01
players,fifa22_230621,Gianluigi Donnarumma,2,2025,event,حافظت على نظافة شباكي بنهائي دوري الأبطال ٢٠٢٥.,https://www.uefa.com/uefachampionsleague/news/0299-1de417608530-15b01ff7b150-1000--paris-win-champions-league-doue-double-helps-secure-reco/,2026-10-01
players,fifa22_231443,Ousmane Dembélé,2,2025,event,صنعت هدفين لباريس بنهائي دوري الأبطال ٢٠٢٥.,https://www.uefa.com/uefachampionsleague/news/0299-1de417608530-15b01ff7b150-1000--paris-win-champions-league-doue-double-helps-secure-reco/,2026-10-01
players,fifa22_231478,Lautaro Martínez,2,2025,event,بدأت لإنتر نهائي دوري الأبطال ٢٠٢٥ الذي انتهى ٠–٥.,https://www.uefa.com/uefachampionsleague/news/0299-1de417608530-15b01ff7b150-1000--paris-win-champions-league-doue-double-helps-secure-reco/,2026-10-01
players,fifa22_224232,Nicolò Barella,2,2025,event,بدأت لإنتر نهائي دوري الأبطال ٢٠٢٥ الذي انتهى ٠–٥.,https://www.uefa.com/uefachampionsleague/news/0299-1de417608530-15b01ff7b150-1000--paris-win-champions-league-doue-double-helps-secure-reco/,2026-10-01
players,fifa22_228093,Marcus Thuram,2,2025,event,بدأت لإنتر نهائي دوري الأبطال ٢٠٢٥ الذي انتهى ٠–٥.,https://www.uefa.com/uefachampionsleague/news/0299-1de417608530-15b01ff7b150-1000--paris-win-champions-league-doue-double-helps-secure-reco/,2026-10-01
players,fifa22_177683,Yann Sommer,2,2025,event,بدأت لإنتر نهائي دوري الأبطال ٢٠٢٥ الذي انتهى ٠–٥.,https://www.uefa.com/uefachampionsleague/news/0299-1de417608530-15b01ff7b150-1000--paris-win-champions-league-doue-double-helps-secure-reco/,2026-10-01
players,fifa22_226851,Benjamin Pavard,2,2025,event,بدأت لإنتر نهائي دوري الأبطال ٢٠٢٥ الذي انتهى ٠–٥.,https://www.uefa.com/uefachampionsleague/news/0299-1de417608530-15b01ff7b150-1000--paris-win-champions-league-doue-double-helps-secure-reco/,2026-10-01
players,fifa22_237383,Alessandro Bastoni,2,2025,event,بدأت لإنتر نهائي دوري الأبطال ٢٠٢٥ الذي انتهى ٠–٥.,https://www.uefa.com/uefachampionsleague/news/0299-1de417608530-15b01ff7b150-1000--paris-win-champions-league-doue-double-helps-secure-reco/,2026-10-01
players,fifa22_233096,Denzel Dumfries,2,2025,event,بدأت لإنتر نهائي دوري الأبطال ٢٠٢٥ الذي انتهى ٠–٥.,https://www.uefa.com/uefachampionsleague/news/0299-1de417608530-15b01ff7b150-1000--paris-win-champions-league-doue-double-helps-secure-reco/,2026-10-01
players,fifa22_192883,Henrikh Mkhitaryan,2,2025,event,بدأت لإنتر نهائي دوري الأبطال ٢٠٢٥ الذي انتهى ٠–٥.,https://www.uefa.com/uefachampionsleague/news/0299-1de417608530-15b01ff7b150-1000--paris-win-champions-league-doue-double-helps-secure-reco/,2026-10-01
players,fifa22_208128,Hakan Çalhanoğlu,2,2025,event,بدأت لإنتر نهائي دوري الأبطال ٢٠٢٥ الذي انتهى ٠–٥.,https://www.uefa.com/uefachampionsleague/news/0299-1de417608530-15b01ff7b150-1000--paris-win-champions-league-doue-double-helps-secure-reco/,2026-10-01
clubs,club_parissaintgermain,Paris Saint-Germain,2,2025,event,حققت أول دوري أبطال في تاريخي سنة ٢٠٢٥ بفوز ٥–٠.,https://www.uefa.com/uefachampionsleague/news/0299-1de417608530-15b01ff7b150-1000--paris-win-champions-league-doue-double-helps-secure-reco/,2026-10-01
clubs,club_intermilan,Inter Milan,1,2025,event,خسرت نهائي دوري الأبطال ٢٠٢٥ في ميونخ بخمسة أهداف دون رد.,https://www.uefa.com/uefachampionsleague/news/0299-1de417608530-15b01ff7b150-1000--paris-win-champions-league-doue-double-helps-secure-reco/,2026-10-01
clubs,club_tottenhamhotspur,Tottenham Hotspur,1,2025,event,تأهلت للسوبر الأوروبي ٢٠٢٥ بصفتي بطل الدوري الأوروبي.,https://www.uefa.com/uefachampionsleague/news/0299-1de417608530-15b01ff7b150-1000--paris-win-champions-league-doue-double-helps-secure-reco/,2026-10-01
players,fifa22_231866,Rodri,1,2024,event,كنت أفضل لاعب في يورو ٢٠٢٤.,https://www.uefa.com/uefaeuro/history/news/028f-1b61cc9835db-185592165f27-1000--uefa-euro-2024-at-a-glance/,2026-10-01
players,custom_lamineyamal,Lamine Yamal,1,2024,event,نلت جائزة أفضل لاعب شاب في يورو ٢٠٢٤.,https://www.uefa.com/uefaeuro/history/news/028f-1b61cc9835db-185592165f27-1000--uefa-euro-2024-at-a-glance/,2026-10-01
players,custom_lamineyamal,Lamine Yamal,2,2024,event,صنعت أربعة أهداف في يورو ٢٠٢٤، أكثر من أي لاعب.,https://www.uefa.com/uefaeuro/history/news/028f-1b61cc9835db-185592165f27-1000--uefa-euro-2024-at-a-glance/,2026-10-01
players,fifa22_242516,Cody Gakpo,1,2024,event,تقاسمت صدارة هدافي يورو ٢٠٢٤ بثلاثة أهداف.,https://www.uefa.com/uefaeuro/history/news/028f-1b61cc9835db-185592165f27-1000--uefa-euro-2024-at-a-glance/,2026-10-01
players,fifa22_202126,Harry Kane,1,2024,event,تقاسمت صدارة هدافي يورو ٢٠٢٤ بثلاثة أهداف.,https://www.uefa.com/uefaeuro/history/news/028f-1b61cc9835db-185592165f27-1000--uefa-euro-2024-at-a-glance/,2026-10-01
players,custom_jamalmusiala,Jamal Musiala,1,2024,event,كنت من هدافي يورو ٢٠٢٤ بثلاثة أهداف.,https://www.uefa.com/uefaeuro/history/news/028f-1b61cc9835db-185592165f27-1000--uefa-euro-2024-at-a-glance/,2026-10-01
players,fifa22_244260,Dani Olmo,1,2024,event,تقاسمت لقب هداف يورو ٢٠٢٤ بثلاثة أهداف.,https://www.uefa.com/uefaeuro/history/news/028f-1b61cc9835db-185592165f27-1000--uefa-euro-2024-at-a-glance/,2026-10-01
players,fifa22_215698,Mike Maignan,1,2024,event,حققت أربع مباريات بشباك نظيفة في يورو ٢٠٢٤.,https://www.uefa.com/uefaeuro/history/news/028f-1b61cc9835db-185592165f27-1000--uefa-euro-2024-at-a-glance/,2026-10-01
players,custom_kylianmbappe,Kylian Mbappé,1,2024,event,بلغت سرعتي المسجلة في يورو ٢٠٢٤ نحو ٣٦٫٥ كم/ساعة.,https://www.uefa.com/uefaeuro/history/news/028f-1b61cc9835db-185592165f27-1000--uefa-euro-2024-at-a-glance/,2026-10-01
players,fifa22_234378,Declan Rice,1,2024,event,قطعت نحو ٨٥٫٧ كيلومتراً في يورو ٢٠٢٤.,https://www.uefa.com/uefaeuro/history/news/028f-1b61cc9835db-185592165f27-1000--uefa-euro-2024-at-a-glance/,2026-10-01
players,custom_judebellingham,Jude Bellingham,1,2024,event,نجحت في ٢٤ افتكاكاً للكرة في يورو ٢٠٢٤.,https://www.uefa.com/uefaeuro/history/news/028f-1b61cc9835db-185592165f27-1000--uefa-euro-2024-at-a-glance/,2026-10-01
players,fifa22_246420,Jérémy Doku,1,2024,event,سجّلت ٣٤ مراوغة ناجحة في يورو ٢٠٢٤.,https://www.uefa.com/uefaeuro/history/news/028f-1b61cc9835db-185592165f27-1000--uefa-euro-2024-at-a-glance/,2026-10-01
players,fifa22_203574,John Stones,1,2024,event,أكملت ٥٢٦ تمريرة في يورو ٢٠٢٤.,https://www.uefa.com/uefaeuro/history/news/028f-1b61cc9835db-185592165f27-1000--uefa-euro-2024-at-a-glance/,2026-10-01
players,custom_cristianoronaldo,Cristiano Ronaldo,1,2024,event,صارت يورو ٢٠٢٤ سادس مشاركة لي بنهائيات البطولة.,https://www.uefa.com/uefaeuro/history/news/028f-1b61cc9835db-185592165f27-1000--uefa-euro-2024-at-a-glance/,2026-10-01
players,fifa22_120533,Pepe,1,2024,event,لعبت في يورو ٢٠٢٤ بعمر ٤١ سنة، الأكبر بتاريخ البطولة.,https://www.uefa.com/uefaeuro/history/news/028f-1b61cc9835db-185592165f27-1000--uefa-euro-2024-at-a-glance/,2026-10-01
players,custom_lukamodric,Luka Modrić,1,2024,event,صرت أكبر مسجّل بتاريخ اليورو بهدف ضد إيطاليا سنة ٢٠٢٤.,https://www.uefa.com/uefaeuro/history/news/028f-1b61cc9835db-185592165f27-1000--uefa-euro-2024-at-a-glance/,2026-10-01
players,fifa22_230142,Oyarzabal,1,2024,event,سجّلت هدف الفوز قبل النهاية بأربع دقائق بنهائي يورو ٢٠٢٤.,https://www.uefa.com/uefaeuro/history/news/028f-1b5e5c2b7b67-d5faab9be20b-1000--spain-2-1-england-late-oyarzabal-winner-earns-la-roya-reco/,2026-10-01
players,fifa22_230142,Oyarzabal,3,2024,event,حسم هدفي فوز إسبانيا ٢–١ على إنكلترا بنهائي يورو ٢٠٢٤.,https://www.uefa.com/uefaeuro/history/news/028f-1b5e5c2b7b67-d5faab9be20b-1000--spain-2-1-england-late-oyarzabal-winner-earns-la-roya-reco/,2026-10-01
players,fifa22_204963,Carvajal,1,2024,event,فتحت التسجيل برأسية من ركنية في نهائي دوري الأبطال ٢٠٢٤.,https://www.uefa.com/uefachampionsleague/news/028e-1b07e18d875a-ba78e4b9d9fc-1000--real-madrid-win-champions-league-carvajal-and-vinicius-junior-see-off-dortmund/,2026-10-01
players,custom_viniciusjunior,Vinícius Júnior,2,2024,event,سجّلت الهدف الثاني ضد دورتموند بنهائي دوري الأبطال ٢٠٢٤.,https://www.uefa.com/uefachampionsleague/news/028e-1b07e18d875a-ba78e4b9d9fc-1000--real-madrid-win-champions-league-carvajal-and-vinicius-junior-see-off-dortmund/,2026-10-01
players,custom_tonikroos,Toni Kroos,1,2024,event,من ركنيتي جاء الهدف الأول بنهائي دوري الأبطال ٢٠٢٤.,https://www.uefa.com/uefachampionsleague/news/028e-1b07e18d875a-ba78e4b9d9fc-1000--real-madrid-win-champions-league-carvajal-and-vinicius-junior-see-off-dortmund/,2026-10-01
clubs,club_realmadrid,Real Madrid,1,2024,event,حققت لقبي الأوروبي الخامس عشر سنة ٢٠٢٤.,https://www.uefa.com/uefachampionsleague/news/028e-1b07e18d875a-ba78e4b9d9fc-1000--real-madrid-win-champions-league-carvajal-and-vinicius-junior-see-off-dortmund/,2026-10-01
clubs,club_borussiadortmund,Borussia Dortmund,2,2024,event,وصلت نهائي دوري الأبطال ٢٠٢٤ وخسرت ٠–٢ أمام ريال مدريد.,https://www.uefa.com/uefachampionsleague/news/028e-1b07e18d875a-ba78e4b9d9fc-1000--real-madrid-win-champions-league-carvajal-and-vinicius-junior-see-off-dortmund/,2026-10-01
